user_type,token,count,rank
multi_subreddit,people,2583396,1
multi_subreddit,like,1980588,2
multi_subreddit,trump,1332204,3
multi_subreddit,one,1317097,4
multi_subreddit,think,1194604,5
multi_subreddit,get,1152003,6
multi_subreddit,even,1052755,7
multi_subreddit,right,855211,8
multi_subreddit,know,847676,9
multi_subreddit,time,807329,10
multi_subreddit,also,791565,11
multi_subreddit,israel,771147,12
multi_subreddit,want,769008,13
multi_subreddit,going,749704,14
multi_subreddit,biden,716105,15
multi_subreddit,see,711036,16
multi_subreddit,make,710920,17
multi_subreddit,way,681950,18
multi_subreddit,doesn,651321,19
multi_subreddit,still,637576,20
single_subreddit,people,1021054,1
single_subreddit,like,785010,2
single_subreddit,one,545564,3
single_subreddit,think,496424,4
single_subreddit,get,422506,5
single_subreddit,even,421370,6
single_subreddit,know,348947,7
single_subreddit,trump,345541,8
single_subreddit,also,330113,9
single_subreddit,time,310238,10
single_subreddit,right,304756,11
single_subreddit,see,300969,12
single_subreddit,want,294238,13
single_subreddit,make,280754,14
single_subreddit,way,273412,15
single_subreddit,say,260755,16
single_subreddit,going,249954,17
single_subreddit,good,248727,18
single_subreddit,still,246918,19
single_subreddit,really,246500,20
